isStandard,TRUE,TRUE,TRUE,TRUE,TRUE,TRUE,TRUE,TRUE,TRUE,TRUE,TRUE,TRUE,TRUE,TRUE,TRUE,TRUE,TRUE,TRUE,TRUE,TRUE,TRUE,TRUE,TRUE,TRUE,TRUE,TRUE,TRUE,TRUE,TRUE,TRUE,TRUE,TRUE,TRUE,TRUE,TRUE,TRUE,TRUE,TRUE,TRUE,TRUE,TRUE,TRUE,TRUE,TRUE,TRUE,TRUE,TRUE,TRUE,TRUE,TRUE,TRUE,TRUE,TRUE,TRUE,TRUE,TRUE,TRUE,TRUE,TRUE,TRUE,FALSE,FALSE,FALSE,FALSE,FALSE,FALSE,FALSE,FALSE,FALSE,FALSE,FALSE,FALSE,FALSE,FALSE,FALSE,FALSE,FALSE,FALSE,FALSE,FALSE,FALSE,FALSE,FALSE,FALSE,FALSE,FALSE,FALSE,FALSE
Cut,B,BB,A,AA,AAA,AAAA,B,BB,A,AA,AAA,AAAA,B,BB,A,AA,AAA,AAAA,B,BB,A,AA,AAA,AAAA,B,BB,A,AA,AAA,AAAA,B,BB,A,AA,AAA,AAAA,B,BB,A,AA,AAA,AAAA,B,BB,A,AA,AAA,AAAA,B,BB,A,AA,AAA,AAAA,B,BB,A,AA,AAA,AAAA,Zones,Zones,Zones,Zones,Zones,Zones,Nats Qual '26,Nats Qual '26,Nats Qual '26,Nats Qual '26,Pro Swim Qual '26,Pro Swim Qual '26,Pro Swim Qual '26,Pro Swim Qual '26,Futures Qual '26,Futures Qual '26,Futures Qual '26,Futures Qual '26,JNats Qual '26,JNats Bonus '26,JNats Qual '26,JNats Bonus '26,Sectionals Qual '26,Sectionals Qual '26,Sr Zones Qual '26,Sr Zones Bonus '26,Sr Zones Bonus '26,Sr Zones Qual '26
Gender,Female,Female,Female,Female,Female,Female,Male,Male,Male,Male,Male,Male,Female,Female,Female,Female,Female,Female,Male,Male,Male,Male,Male,Male,Female,Female,Female,Female,Female,Female,Male,Male,Male,Male,Male,Male,Female,Female,Female,Female,Female,Female,Male,Male,Male,Male,Male,Male,Female,Female,Female,Female,Female,Female,Male,Male,Male,Male,Male,Male,Female,Female,Female,Male,Male,Male,Female,Male,Female,Male,Female,Male,Female,Male,Female,Male,Female,Male,Female,Female,Male,Male,Female,Male,Female,Female,Male,Male
MinAge,-,-,-,-,-,-,-,-,-,-,-,-,11,11,11,11,11,11,11,11,11,11,11,11,13,13,13,13,13,13,13,13,13,13,13,13,15,15,15,15,15,15,15,15,15,15,15,15,17,17,17,17,17,17,17,17,17,17,17,17,13,11,-,-,11,13,19,19,-,-,19,19,-,-,19,19,-,-,-,-,-,-,-,-,-,-,-,-
MaxAge,10,10,10,10,10,10,10,10,10,10,10,10,12,12,12,12,12,12,12,12,12,12,12,12,14,14,14,14,14,14,14,14,14,14,14,14,16,16,16,16,16,16,16,16,16,16,16,16,18,18,18,18,18,18,18,18,18,18,18,18,14,12,10,10,12,14,-,-,18,18,-,-,18,18,-,-,18,18,18,18,18,18,-,-,-,-,-,-
EligibleStart,1/1/2024,1/1/2024,1/1/2024,1/1/2024,1/1/2024,1/1/2024,1/1/2024,1/1/2024,1/1/2024,1/1/2024,1/1/2024,1/1/2024,1/1/2024,1/1/2024,1/1/2024,1/1/2024,1/1/2024,1/1/2024,1/1/2024,1/1/2024,1/1/2024,1/1/2024,1/1/2024,1/1/2024,1/1/2024,1/1/2024,1/1/2024,1/1/2024,1/1/2024,1/1/2024,1/1/2024,1/1/2024,1/1/2024,1/1/2024,1/1/2024,1/1/2024,1/1/2024,1/1/2024,1/1/2024,1/1/2024,1/1/2024,1/1/2024,1/1/2024,1/1/2024,1/1/2024,1/1/2024,1/1/2024,1/1/2024,1/1/2024,1/1/2024,1/1/2024,1/1/2024,1/1/2024,1/1/2024,1/1/2024,1/1/2024,1/1/2024,1/1/2024,1/1/2024,1/1/2024,8/1/2025,8/1/2025,8/1/2025,8/1/2025,8/1/2025,8/1/2025,8/1/2025,8/1/2025,8/1/2025,8/1/2025,6/9/2024,6/9/2024,6/9/2024,6/9/2024,8/1/2025,8/1/2025,8/1/2025,8/1/2025,8/1/2025,8/1/2025,8/1/2025,8/1/2025,8/1/2025,8/1/2025,8/1/2024,8/1/2024,8/1/2024,8/1/2024
EligibleEnd,12/31/2028,12/31/2028,12/31/2028,12/31/2028,12/31/2028,12/31/2028,12/31/2028,12/31/2028,12/31/2028,12/31/2028,12/31/2028,12/31/2028,12/31/2028,12/31/2028,12/31/2028,12/31/2028,12/31/2028,12/31/2028,12/31/2028,12/31/2028,12/31/2028,12/31/2028,12/31/2028,12/31/2028,12/31/2028,12/31/2028,12/31/2028,12/31/2028,12/31/2028,12/31/2028,12/31/2028,12/31/2028,12/31/2028,12/31/2028,12/31/2028,12/31/2028,12/31/2028,12/31/2028,12/31/2028,12/31/2028,12/31/2028,12/31/2028,12/31/2028,12/31/2028,12/31/2028,12/31/2028,12/31/2028,12/31/2028,12/31/2028,12/31/2028,12/31/2028,12/31/2028,12/31/2028,12/31/2028,12/31/2028,12/31/2028,12/31/2028,12/31/2028,12/31/2028,12/31/2028,7/29/2026,7/29/2026,7/29/2026,7/29/2026,7/29/2026,7/29/2026,8/27/2026,8/27/2026,8/27/2026,8/27/2026,6/9/2026,6/9/2026,6/9/2026,6/9/2026,8/21/2026,8/21/2026,8/21/2026,8/21/2026,8/8/2026,8/8/2026,8/8/2026,8/8/2026,8/15/2026,8/15/2026,8/27/2028,8/27/2028,8/27/2028,8/27/2028
Event,,,,,,,,,,,,,,,,,,,,,,,,,,,,,,,,,,,,,,,,,,,,,,,,,,,,,,,,,,,,,,,,,,,,,,,,,,,,,,,,,,,,,,,,
50 Free SCY,39.79,35.99,32.09,30.89,29.59,28.29,38.19,34.59,31.09,29.89,28.69, 27.49,33.99,31.69,29.29,28.09,26.99,25.79,32.79,30.49,28.09,26.99,25.79,24.59,32.49,30.19,27.89,26.69,25.59,24.39,29.89,27.69,25.59,24.59,23.49,22.39,31.79,29.49,27.29,26.09,24.99,23.89,28.29,26.29,24.19,23.19,22.19,21.19,31.39,29.09,26.89,25.79,24.69,23.49,27.59,25.59,23.59,22.59,21.69,20.69,26.69,28.09,30.89,29.89,26.99,24.59,22.19,19.39,22.79,20.09,22.79,19.89,23.39,20.49,22.99,20.39,23.89,21.29,22.99,23.89,20.39,21.29,24.55,22.05,26.09,26.59,23.69,23.19
100 Free SCY,1:30.79,1:21.09,1:11.49,1:08.29,1:04.99,1:01.79,1:27.99,1:18.89,1:09.79,1:06.79,1:03.79,1:00.69,1:14.69,1:09.39,1:03.99,1:01.39,58.69,55.99,1:11.49,1:06.39,1:01.29,58.69,56.19,53.59,1:10.99,1:05.89,1:00.89,58.29,55.79,53.29,1:04.99,1:00.29,55.69,53.39,51.09,48.69,1:08.79,1:03.79,58.89,56.49,53.99,51.59,1:01.99,57.59,53.19,50.99,48.79,46.49,1:08.09,1:03.19,58.39,55.89,53.49,51.09,1:00.29,55.99,51.69,49.59,47.39,45.29,58.29,1:01.39,1:08.29,1:06.79,58.69,53.39,48.49,42.49,49.49,43.69,49.49,43.59,50.39,44.89,49.99,44.39,51.89,46.39,49.99,51.89,44.39,46.39,53.09,47.7,56.49,57.49,51.99,50.99
200 Free SCY,3:22.79,3:00.59,2:38.39,2:30.99,2:23.59,2:16.19,3:09.49,2:50.59,2:31.59,2:25.29,2:18.99,2:12.69,2:42.59,2:30.89,2:19.29,2:13.49,2:07.69,2:01.89,2:35.99,2:24.89,2:13.69,2:08.19,2:02.59,1:56.99,2:33.59,2:22.69,2:11.69,2:06.19,2:00.69,1:55.29,2:22.49,2:12.29,2:02.19,1:57.09,1:51.99,1:46.89,2:28.99,2:18.39,2:07.69,2:02.39,1:57.09,1:51.79,2:15.99,2:06.29,1:56.59,1:51.79,1:46.89,1:41.99,2:27.19,2:16.69,2:06.19,2:00.89,1:55.69,1:50.39,2:13.59,2:03.99,1:54.49,1:49.69,1:44.99,1:40.19,2:06.19,2:13.49,2:30.99,2:25.29,2:08.19,1:57.09,1:44.99,1:33.69,1:47.19,1:36.19,1:47.09,1:35.99,1:49.09,1:38.39,1:48.19,1:37.59,1:52.29,1:41.59,1:48.19,1:52.29,1:37.59,1:41.59,1:54.86,1:44.33,2:02.39,2:04.39,1:53.79,1:51.79
500 Free SCY,8:36.69,7:45.09,6:53.39,6:36.19,6:18.99,6:01.69,8:24.29,7:33.79,6:43.39,6:26.59,6:09.79,5:52.99,7:16.89,6:45.69,6:14.49,5:58.89,5:43.29,5:27.69,6:59.89,6:29.99,5:59.99,5:44.99,5:29.99,5:14.99,6:52.19,6:22.79,5:53.39,5:38.59,5:23.89,5:09.19,6:25.69,5:58.19,5:30.59,5:16.89,5:03.09,4:49.29,6:40.99,6:12.39,5:43.69,5:29.39,5:15.09,5:00.79,6:08.39,5:42.09,5:15.79,5:02.69,4:49.49,4:36.29,6:36.49,6:08.19,5:39.89,5:25.69,5:11.59,4:57.39,6:03.19,5:37.29,5:11.39,4:58.39,4:45.39,4:32.39,5:23.89,5:43.29,,,5:29.99,5:03.09,4:41.99,4:17.19,4:46.29,4:23.99,4:47.39,4:22.49,4:53.59,4:28.79,4:49.99,4:25.59,5:02.59,4:37.09,4:49.99,5:02.59,4:25.59,4:37.09,5:09.03,4:45.94,5:29.39,,,5:02.69
1000 Free SCY,,,,,,,,,,,,,15:02.69,13:58.19,12:53.79,12:21.49,11:49.29,11:16.99,14:43.49,13:40.39,12:37.29,12:05.79,11:34.19,11:02.59,14:11.09,13:10.29,12:09.49,11:39.09,11:08.69,10:38.29,13:17.99,12:20.99,11:23.99,10:55.49,10:26.99,9:58.49,13:52.89,12:53.49,11:53.99,11:24.19,10:54.49,10:24.69,12:51.79,11:56.69,11:01.59,10:33.99,10:06.39,9:38.89,13:46.09,12:47.09,11:48.09,11:18.59,10:49.09,10:19.59,12:40.19,11:45.89,10:51.59,10:24.49,9:57.29,9:30.19,11:08.69,,,,,10:26.99,9:45.79,8:58.39,9:55.99,9:07.59,9:59.19,9:10.29,10:11.49,9:22.69,10:04.69,9:13.19,10:20.49,9:34.29,10:04.69,10:20.49,9:13.19,9:34.29,10:46.09,10:03.86,11:24.19,,,10:33.99
1650 Free SCY,,,,,,,,,,,,,25:07.39,23:19.69,21:32.09,20:38.19,19:44.39,18:50.59,24:27.69,22:42.89,20:58.09,20:05.59,19:13.19,18:20.79,23:42.89,22:01.19,20:19.59,19:28.79,18:37.99,17:47.19,22:22.89,20:46.99,19:11.09,18:23.09,17:35.19,16:47.19,23:15.89,21:36.19,19:56.49,19:06.69,18:16.79,17:26.89,21:26.59,19:54.69,18:22.79,17:36.89,16:50.89,16:04.99,22:47.19,21:09.59,19:31.89,18:43.09,17:54.29,17:05.39,21:08.99,19:38.39,18:07.69,17:22.39,16:37.09,15:51.79,18:37.99,,,,,17:35.19,16:10.39,14:54.09,16:37.99,15:21.49,16:34.19,15:17.09,17:02.19,15:40.39,16:50.99,15:31.39,17:14.39,16:05.49,16:50.99,17:14.39,15:31.39,16:05.49,18:09.88,17:03.26,19:06.69,,,17:36.89
50 Back SCY,48.59,43.29,37.99,36.19,34.39,32.59,48.29,42.89,37.59,35.79,33.99, 32.19,38.79,35.99,33.19,31.79,30.49,29.09,38.49,35.59,32.69,31.19,29.69,28.19,36.19,33.69,31.09,29.79,28.49,27.19,33.69,31.29,28.89,27.69,26.49,25.29,35.29,32.69,30.19,28.99,27.69,26.49,31.79,29.49,27.19,26.09,24.99,23.79,34.59,32.19,29.69,28.39,27.19,25.99,30.79,28.59,26.39,25.29,24.19,23.09,,31.79,36.19,35.79,31.19,,23.99,21.09,25.09,22.39,24.69,21.79,25.19,22.49,25.19,22.49,26.29,23.69,25.19,26.29,22.49,23.69,27.29,24.49,,,,
100 Back SCY,1:45.79,1:33.99,1:22.29,1:18.39,1:14.49,1:10.59,1:40.69,1:30.09,1:19.59,1:16.09,1:12.49,1:08.99,1:26.59,1:19.79,1:12.99,1:09.59,1:06.19,1:02.69,1:22.19,1:15.69,1:09.29,1:05.99,1:02.79,59.49,1:16.89,1:11.39,1:05.89,1:03.19,1:00.49,57.69,1:11.29,1:06.19,1:01.09,58.59,55.99,53.49,1:14.69,1:09.39,1:04.09,1:01.39,58.69,56.09,1:07.49,1:02.69,57.89,55.49,53.09,50.69,1:13.39,1:08.09,1:02.89,1:00.29,57.69,54.99,1:05.19,1:00.59,55.89,53.59,51.29,48.89,1:03.19,1:09.59,1:18.39,1:16.09,1:05.99,58.59,52.29,46.19,53.69,47.89,53.59,47.49,55.09,49.19,54.39,48.59,57.09,51.49,54.39,57.09,48.59,51.49,58.99,53.55,1:01.39,1:02.39,56.49,55.49
200 Back SCY,,,,,,,,,,,,,2:59.49,2:46.69,2:33.89,2:27.49,2:20.99,2:14.59,2:52.89,2:40.49,2:28.19,2:21.99,2:15.89,2:09.69,2:46.39,2:34.49,2:22.59,2:16.69,2:10.69,2:04.79,2:34.69,2:23.69,2:12.59,2:07.09,2:01.59,1:55.99,2:42.19,2:30.59,2:19.09,2:13.29,2:07.49,2:01.69,2:27.59,2:17.09,2:06.59,2:01.29,1:55.99,1:50.69,2:38.79,2:27.39,2:16.09,2:10.39,2:04.79,1:59.09,2:23.89,2:13.59,2:03.29,1:58.19,1:53.09,1:47.89,2:16.69,2:27.49,,,2:21.99,2:07.09,1:54.09,1:41.69,1:55.69,1:44.79,1:56.59,1:44.39,1:59.39,1:47.79,1:58.19,1:46.49,2:04.19,1:52.79,1:58.19,2:04.19,1:46.49,1:52.79,2:07.19,1:56.75,2:13.29,2:15.29,2:03.29,2:01.29
50 Breast SCY,54.59,48.69,42.79,40.89,38.89,36.89,53.39,47.69,42.09,40.19,38.29, 36.39,43.99,40.89,37.69,36.19,34.59,32.99,43.49,40.09,36.69,34.99,33.29,31.49,42.09,39.09,36.09,34.59,33.09,31.59,38.59,35.79,33.09,31.69,30.29,28.89,41.09,38.19,35.19,33.79,32.29,30.79,36.69,34.09,31.39,30.09,28.79,27.49,40.39,37.49,34.59,33.19,31.69,30.29,35.39,32.89,30.39,29.09,27.89,26.59,,36.19,40.89,40.19,34.99,,27.39,23.89,28.69,25.19,28.29,24.69,28.79,25.29,28.79,25.29,29.79,26.29,28.79,29.79,25.29,26.29,30.69,27.19,,,,
100 Breast SCY,2:00.29,1:46.89,1:33.59,1:29.09,1:24.69,1:20.19,1:54.09,1:42.29,1:30.59,1:26.59,1:22.69,1:18.79,1:36.49,1:29.29,1:22.19,1:18.59,1:15.09,1:11.49,1:32.59,1:25.49,1:18.39,1:14.89,1:11.39,1:07.79,1:28.69,1:22.29,1:15.99,1:12.89,1:09.69,1:06.49,1:20.49,1:14.79,1:08.99,1:06.19,1:03.29,1:00.39,1:25.89,1:19.79,1:13.69,1:10.59,1:07.49,1:04.49,1:16.89,1:11.39,1:05.89,1:03.19,1:00.39,57.69,1:24.79,1:18.79,1:12.69,1:09.69,1:06.69,1:03.59,1:14.69,1:09.39,1:03.99,1:01.39,58.69,55.99,1:12.89,1:18.59,1:29.09,1:26.59,1:14.89,1:06.19,59.99,52.49,1:01.59,53.99,1:01.49,53.89,1:03.09,55.49,1:02.39,54.99,1:05.49,57.99,1:02.39,1:05.49,54.99,57.99,1:07.46,59.79,1:10.59,1:11.59,1:04.19,1:03.19
200 Breast SCY,,,,,,,,,,,,,3:25.69,3:10.99,2:56.29,2:48.99,2:41.69,2:34.29,3:16.39,3:02.39,2:48.39,2:41.39,2:34.39,2:27.29,3:10.99,2:57.39,2:43.79,2:36.89,2:30.09,2:23.29,2:54.89,2:42.39,2:29.89,2:23.59,2:17.39,2:11.19,3:05.99,2:52.69,2:39.39,2:32.79,2:26.19,2:19.49,2:47.09,2:35.19,2:23.19,2:17.29,2:11.29,2:05.29,3:04.69,2:51.49,2:38.29,2:31.69,2:25.09,2:18.49,2:42.29,2:30.69,2:19.09,2:13.29,2:07.49,2:01.69,2:36.89,2:48.99,,,2:41.39,2:23.59,2:10.39,1:54.59,2:14.29,1:57.99,2:13.39,1:57.59,2:17.19,2:01.59,2:15.39,2:00.39,2:22.69,2:07.99,2:15.39,2:22.69,2:00.39,2:07.99,2:27.11,2:11.63,2:32.79,2:34.79,2:19.29,2:17.29
50 Fly SCY,48.39,42.69,36.99,35.09,33.19,31.29,46.49,41.29,35.99,34.29,32.59, 30.79,36.89,34.29,31.59,30.29,28.99,27.69,37.09,34.19,31.19,29.69,28.19,26.69,35.79,33.29,30.69,29.39,28.19,26.89,33.19,30.79,28.39,27.19,26.09,24.89,34.69,32.29,29.79,28.59,27.29,26.09,31.59,29.29,27.09,25.89,24.79,23.69,34.49,31.99,29.59,28.29,27.09,25.89,30.59,28.39,26.19,25.09,23.99,22.99,,30.29,35.09,34.29,29.69,,23.79,20.89,24.29,21.89,24.39,21.49,24.69,21.99,24.69,21.99,25.69,22.89,24.69,25.69,21.99,22.89,26.69,23.69,,,,
100 Fly SCY,1:56.69,1:41.39,1:26.09,1:20.99,1:15.99,1:10.89,1:53.49,1:38.99,1:24.39,1:19.49,1:14.59,1:09.79,1:25.79,1:18.89,1:12.09,1:08.59,1:05.19,1:01.79,1:22.89,1:16.09,1:09.29,1:05.89,1:02.49,59.09,1:16.79,1:11.29,1:05.89,1:03.09,1:00.39,57.59,1:10.49,1:05.49,1:00.39,57.89,55.39,52.89,1:14.39,1:09.09,1:03.79,1:01.09,58.39,55.79,1:07.19,1:02.39,57.59,55.19,52.79,50.39,1:13.59,1:08.29,1:03.09,1:00.39,57.79,55.19,1:05.39,1:00.79,56.09,53.69,51.39,49.09,1:03.09,1:08.59,1:20.99,1:19.49,1:05.89,57.89,52.19,45.99,53.29,47.49,53.39,47.19,54.69,48.69,54.09,48.19,56.59,50.59,54.09,56.59,48.19,50.59,58.19,52.61,1:01.09,1:02.09,56.19,55.19
200 Fly SCY,,,,,,,,,,,,,3:03.39,2:50.29,2:37.19,2:30.59,2:24.09,2:17.59,2:56.59,2:43.99,2:31.39,2:24.99,2:18.69,2:12.39,2:51.19,2:38.99,2:26.69,2:20.59,2:14.49,2:08.39,2:36.79,2:25.59,2:14.39,2:08.79,2:03.19,1:57.59,2:45.79,2:33.99,2:22.09,2:16.19,2:10.29,2:04.39,2:30.19,2:19.49,2:08.79,2:03.39,1:58.09,1:52.69,2:42.79,2:31.19,2:19.49,2:13.69,2:07.89,2:02.09,2:26.39,2:15.99,2:05.49,2:00.29,1:55.09,1:49.79,2:20.59,2:30.59,,,2:24.99,2:08.79,1:56.09,1:43.39,1:59.39,1:45.89,1:58.69,1:45.89,2:01.69,1:49.09,2:00.49,1:47.89,2:05.39,1:53.69,2:00.49,2:05.39,1:47.89,1:53.69,2:10.19,1:58.81,2:16.19,2:18.19,2:05.39,2:03.39
100 IM SCY,1:44.29,1:33.19,1:22.09,1:18.39,1:14.69,1:10.99,1:39.69,1:29.69,1:19.69,1:16.39,1:13.09,1:09.79,1:25.19,1:19.09,1:13.09,1:09.99,1:06.99,1:03.89,1:21.89,1:15.89,1:09.99,1:06.99,1:03.99,1:01.09,,,,,,,,,,,,,,,,,,,,,,,,,,,,,,,,,,,,,,,,,,,,,,,,,,,,,,,,,,,N/A,,,,,
200 IM SCY,3:42.09,3:18.79,2:55.49,2:47.69,2:39.99,2:32.19,3:38.59,3:15.99,2:53.49,2:45.89,2:38.39,2:30.89,3:03.89,2:50.69,2:37.59,2:30.99,2:24.49,2:17.89,2:59.29,2:45.79,2:32.29,2:25.59,2:18.79,2:12.09,2:51.79,2:39.49,2:27.19,2:21.09,2:14.99,2:08.79,2:37.99,2:26.69,2:15.39,2:09.79,2:04.09,1:58.49,2:46.19,2:34.29,2:22.39,2:16.49,2:10.59,2:04.59,2:30.89,2:20.19,2:09.39,2:03.99,1:58.59,1:53.19,2:43.59,2:31.89,2:20.19,2:14.39,2:08.49,2:02.69,2:27.39,2:16.89,2:06.39,2:01.09,1:55.89,1:50.59,2:21.09,2:30.99,2:47.69,2:45.89,2:25.59,2:09.79,1:57.09,1:43.89,1:58.99,1:46.79,1:59.59,1:46.49,2:02.19,1:49.59,2:01.09,1:48.49,2:06.39,1:53.89,2:01.09,2:06.39,1:48.49,1:53.89,2:09.73,1:57.77,2:16.49,2:18.49,2:05.99,2:03.99
400 IM SCY,,,,,,,,,,,,,6:31.69,6:03.69,5:35.79,5:21.79,5:07.79,4:53.79,6:17.09,5:50.09,5:23.19,5:09.79,4:56.29,4:42.79,6:05.79,5:39.69,5:13.49,5:00.49,4:47.39,4:34.29,5:37.69,5:13.59,4:49.49,4:37.39,4:25.39,4:13.29,5:54.99,5:29.69,5:04.29,4:51.59,4:38.99,4:26.29,5:22.19,4:59.19,4:36.19,4:24.69,4:13.19,4:01.59,5:50.69,5:25.59,5:00.59,4:47.99,4:35.49,4:22.99,5:17.39,4:54.69,4:31.99,4:20.69,4:09.39,3:57.99,4:47.39,5:07.79,,,4:56.29,4:25.39,4:11.39,3:45.19,4:12.69,3:49.79,4:16.29,3:49.99,4:21.69,3:56.49,4:18.79,3:52.69,4:30.69,4:06.99,4:18.79,4:30.69,3:52.69,4:06.99,4:36.50,4:13.34,4:51.59,,,4:24.69
50 Free LCM,45.29,40.89,36.59,35.09,33.69,32.19,43.89,39.79,35.69,34.39,32.99,31.59,38.49,35.89,33.19,31.89,30.49,29.19,37.39,34.79,32.09,30.69,29.39,28.09,37.19,34.59,31.89,30.59,29.29,27.89,34.29,31.79,29.39,28.19,26.89,25.69,36.09,33.49,30.89,29.59,28.29,27.09,32.89,30.59,28.19,26.99,25.89,24.69,35.89,33.29,30.69,29.49,28.19,26.89,31.89,29.59,27.39,26.19,25.09,23.99,30.59,31.89,35.09,34.39,30.69,28.19,25.69,22.69,26.19,23.19,26.49,23.59,26.89,24.09,26.59,23.79,27.39,24.59,26.59,27.39,23.79,24.59,28.14,25.49,28.89,30.09,27.49,26.99
100 Free LCM,1:44.09,1:32.99,1:21.89,1:18.19,1:14.49,1:10.79,1:40.99,1:30.59,1:20.19,1:16.69,1:13.19,1:09.79,1:25.59,1:19.49,1:13.39,1:10.29,1:07.19,1:04.19,1:22.09,1:16.19,1:10.39,1:07.49,1:04.49,1:01.59,1:21.19,1:15.39,1:09.59,1:06.69,1:03.79,1:00.89,1:15.09,1:09.79,1:04.39,1:01.69,58.99,56.39,1:18.39,1:12.79,1:07.19,1:04.39,1:01.59,58.79,1:11.79,1:06.69,1:01.49,58.99,56.39,53.79,1:17.69,1:12.19,1:06.59,1:03.89,1:01.09,58.29,1:09.89,1:04.89,59.89,57.39,54.89,52.39,1:06.69,1:10.29,1:18.19,1:16.69,1:07.49,1:01.69,55.89,49.69,56.69,51.09,57.39,51.49,58.19,52.59,57.69,51.99,59.29,53.59,57.69,59.29,51.99,53.59,1:00.69,55.29,1:04.39,1:05.39,59.99,58.99
200 Free LCM,3:50.99,3:25.69,3:00.39,2:51.99,2:43.49,2:35.09,3:36.69,3:14.99,2:53.39,2:46.09,2:38.89,2:31.69,3:06.39,2:53.09,2:39.79,2:33.09,2:26.49,2:19.79,2:59.19,2:46.39,2:33.59,2:27.19,2:20.79,2:14.39,2:55.29,2:42.79,2:30.29,2:23.99,2:17.79,2:11.49,2:43.99,2:32.29,2:20.59,2:14.69,2:08.89,2:02.99,2:49.19,2:37.09,2:25.09,2:18.99,2:12.99,2:06.89,2:36.59,2:25.39,2:14.29,2:08.69,2:03.09,1:57.49,2:47.69,2:35.69,2:23.69,2:17.69,2:11.69,2:05.79,2:32.89,2:21.99,2:11.09,2:05.59,2:00.09,1:54.69,2:23.99,2:33.09,2:51.99,2:46.09,2:27.19,2:14.69,2:01.19,1:49.89,2:03.19,1:52.09,2:04.39,1:53.19,2:04.99,1:55.29,2:04.99,1:54.09,2:07.79,1:57.79,2:04.99,2:07.79,1:54.09,1:57.79,2:11.55,2:01.00,2:15.29,2:20.99,2:10.69,2:08.69
400 Free LCM,7:48.59,7:01.69,6:14.89,5:59.29,5:43.69,5:27.99,7:38.29,6:52.49,6:06.59,5:51.39,5:36.09,5:20.79,6:32.89,6:04.79,5:36.79,5:22.79,5:08.69,4:54.69,6:21.09,5:53.89,5:26.69,5:13.09,4:59.49,4:45.89,6:08.09,5:41.79,5:15.49,5:02.39,4:49.19,4:36.09,5:48.39,5:23.49,4:58.69,4:46.19,4:33.79,4:21.29,5:55.19,5:29.89,5:04.49,4:51.79,4:39.09,4:26.39,5:34.09,5:10.19,4:46.39,4:34.39,4:22.49,4:10.59,5:53.39,5:28.19,5:02.99,4:50.29,4:37.69,4:25.09,5:26.49,5:03.09,4:39.79,4:28.19,4:16.49,4:04.89,4:49.19,5:08.69,,,4:59.49,4:33.79,4:16.89,3:55.59,4:19.89,3:58.39,4:22.89,4:01.49,4:26.69,4:04.99,4:23.59,4:02.19,4:28.79,4:09.99,4:23.59,4:28.79,4:02.19,4:09.99,4:39.11,4:20.00,4:48.19,,,4:34.39
800 Free LCM,,,,,,,,,,,,,13:41.59,12:42.89,11:44.19,11:14.89,10:45.49,10:16.19,13:20.19,12:22.99,11:25.89,10:57.29,10:28.69,10:00.09,12:45.49,11:50.79,10:56.09,10:28.79,10:01.49,9:34.09,12:00.59,11:09.19,10:17.69,9:51.99,9:26.19,9:00.49,12:17.79,11:25.09,10:32.39,10:05.99,9:39.69,9:13.29,11:33.99,10:44.39,9:54.79,9:29.99,9:05.29,8:40.49,12:10.29,11:18.19,10:25.99,9:59.89,9:33.79,9:07.79,11:17.89,10:29.49,9:41.09,9:16.89,8:52.69,8:28.49,10:01.49,,,,,9:26.19,8:46.79,8:07.59,8:57.89,8:16.99,9:02.19,8:20.39,9:06.79,8:28.19,9:06.79,8:23.09,9:13.79,8:40.69,9:06.79,9:13.79,8:23.09,8:40.69,9:42.19,9:12.79,9:58.69,,,9:29.99
1500 Free LCM,,,,,,,,,,,,,26:06.89,24:14.99,22:22.99,21:27.09,20:31.09,19:35.19,25:51.79,24:00.99,22:10.19,21:14.69,20:19.29,19:23.89,24:28.39,22:43.49,20:58.59,20:06.19,19:13.69,18:21.29,23:04.59,21:25.69,19:46.79,18:57.39,18:07.89,17:18.49,23:33.49,21:52.49,20:11.59,19:21.09,18:30.59,17:40.09,22:08.29,20:33.39,18:58.49,18:11.09,17:23.59,16:36.19,23:20.89,21:40.79,20:00.79,19:10.79,18:20.69,17:30.69,21:45.79,20:12.49,18:39.29,17:52.59,17:05.99,16:19.39,19:13.69,,,,,18:07.89,16:49.19,15:37.69,17:10.79,15:52.69,17:18.29,16:00.99,17:26.79,16:14.79,17:26.79,16:05.09,17:40.19,16:38.99,17:26.79,17:40.19,16:05.09,16:38.99,18:44.59,17:36.59,19:21.09,,,18:11.09
50 Back LCM,55.79,49.69,43.59,41.59,39.49,37.49,55.39,49.29,43.09,41.09,38.99,36.99,44.79,41.59,38.39,36.79,35.19,33.59,44.49,41.09,37.69,35.99,34.29,32.59,42.59,39.49,36.49,34.99,33.49,31.89,39.49,36.69,33.89,32.49,31.09,29.69,41.19,38.29,35.29,33.89,32.39,30.89,37.79,35.09,32.39,31.09,29.69,28.39,40.99,38.09,35.09,33.69,32.19,30.79,36.79,34.19,31.59,30.29,28.99,27.59,,36.79,41.59,41.09,35.99,,28.59,25.49,29.69,26.39,29.49,26.39,29.79,26.69,29.79,26.69,30.89,27.89,29.79,30.89,26.69,27.89,31.49,28.69,,,,
100 Back LCM,2:01.59,1:48.09,1:34.59,1:30.09,1:25.59,1:21.09,1:56.69,1:44.49,1:32.29,1:28.19,1:24.09,1:19.99,1:40.59,1:32.69,1:24.79,1:20.79,1:16.89,1:12.89,1:37.19,1:29.59,1:21.89,1:18.09,1:14.29,1:10.39,1:29.69,1:23.29,1:16.89,1:13.69,1:10.49,1:07.29,1:23.69,1:17.69,1:11.69,1:08.69,1:05.79,1:02.79,1:26.89,1:20.69,1:14.49,1:11.39,1:08.29,1:05.19,1:19.39,1:13.69,1:07.99,1:05.19,1:02.39,59.49,1:25.89,1:19.79,1:13.69,1:10.59,1:07.49,1:04.49,1:17.49,1:11.99,1:06.49,1:03.69,1:00.89,58.19,1:13.69,1:20.79,1:30.09,1:28.19,1:18.09,1:08.69,1:02.19,55.69,1:03.19,56.89,1:03.99,57.49,1:04.79,58.79,1:04.29,58.19,1:06.79,1:00.59,1:04.29,1:06.79,58.19,1:00.59,1:08.94,1:03.66,1:11.39,1:12.39,1:06.19,1:05.19
200 Back LCM,,,,,,,,,,,,,3:28.09,3:13.29,2:58.39,2:50.99,2:43.49,2:36.09,3:22.99,3:08.49,2:53.99,2:46.69,2:39.49,2:32.19,3:13.29,2:59.49,2:45.69,2:38.79,2:31.89,2:24.99,3:01.79,2:48.79,2:35.79,2:29.29,2:22.79,2:16.29,3:06.79,2:53.39,2:40.09,2:33.39,2:26.79,2:20.09,2:52.29,2:39.99,2:27.69,2:21.49,2:15.39,2:09.19,3:05.79,2:52.49,2:39.19,2:32.59,2:25.99,2:19.29,2:49.19,2:37.09,2:24.99,2:18.99,2:12.89,2:06.89,2:38.79,2:50.99,,,2:46.69,2:29.29,2:14.59,2:02.09,2:16.69,2:03.59,2:18.39,2:05.89,2:19.59,2:08.29,2:19.29,2:06.99,2:23.99,2:11.89,2:19.29,2:23.99,2:06.99,2:11.89,2:28.00,2:19.00,2:33.39,2:35.39,2:23.49,2:21.49
50 Breast LCM,1:02.19,55.49,48.79,46.49,44.29,42.09,1:00.89,54.39,47.89,45.79,43.59,41.49,49.79,46.19,42.69,40.89,39.09,37.39,49.79,45.89,41.99,39.99,38.09,36.09,47.79,44.39,40.99,39.29,37.59,35.89,43.99,40.89,37.69,36.19,34.59,32.99,46.19,42.89,39.59,37.89,36.29,34.59,41.79,38.79,35.79,34.29,32.79,31.29,45.59,42.29,39.09,37.49,35.79,34.19,40.29,37.49,34.59,33.09,31.69,30.29,,40.89,46.49,45.79,39.99,,32.29,28.29,33.29,29.19,33.59,29.49,33.69,29.59,33.69,29.59,34.79,30.89,33.69,34.79,29.59,30.89,35.59,31.99,,,,
100 Breast LCM,2:19.39,2:03.89,1:48.39,1:43.29,1:38.09,1:32.99,2:12.89,1:59.19,1:45.49,1:40.89,1:36.29,1:31.69,1:50.39,1:42.19,1:33.99,1:29.99,1:25.89,1:21.79,1:47.79,1:39.59,1:31.29,1:27.19,1:23.09,1:18.99,1:42.39,1:34.99,1:27.69,1:24.09,1:20.39,1:16.79,1:33.79,1:27.09,1:20.39,1:16.99,1:13.69,1:10.29,1:38.59,1:31.59,1:24.49,1:20.99,1:17.49,1:13.99,1:29.49,1:23.09,1:16.69,1:13.49,1:10.29,1:07.09,1:37.49,1:30.49,1:23.59,1:20.09,1:16.59,1:13.09,1:26.69,1:20.59,1:14.39,1:11.29,1:08.19,1:05.09,1:24.09,1:29.99,1:43.29,1:40.89,1:27.19,1:16.99,1:10.29,1:02.09,1:11.29,1:03.29,1:12.59,1:04.39,1:13.79,1:05.89,1:13.29,1:05.09,1:15.99,1:08.19,1:13.29,1:15.99,1:05.09,1:08.19,1:19.63,1:12.09,1:20.99,1:21.99,1:14.49,1:13.49
200 Breast LCM,,,,,,,,,,,,,3:56.79,3:39.89,3:22.99,3:14.49,3:06.09,2:57.59,3:47.89,3:31.59,3:15.39,3:07.19,2:59.09,2:50.99,3:40.29,3:24.59,3:08.89,3:00.99,2:53.09,2:45.29,3:22.79,3:08.29,2:53.79,2:46.59,2:39.39,2:32.09,3:32.49,3:17.29,3:02.09,2:54.49,2:46.99,2:39.39,3:14.49,3:00.59,2:46.69,2:39.79,2:32.79,2:25.89,3:29.89,3:14.99,2:59.99,2:52.49,2:44.99,2:37.49,3:09.19,2:55.69,2:42.19,2:35.39,2:28.59,2:21.89,3:00.99,3:14.49,,,3:07.19,2:46.59,2:32.39,2:16.09,2:34.19,2:18.09,2:37.09,2:20.79,2:38.59,2:24.09,2:38.59,2:22.39,2:43.39,2:29.09,2:38.59,2:43.39,2:22.39,2:29.09,2:53.49,2:38.50,2:48.79,2:56.49,2:41.79,2:39.79
50 Fly LCM,54.49,48.09,41.59,39.49,37.29,35.19,52.29,46.39,40.59,38.59,36.59,34.69,41.79,38.79,35.79,34.29,32.89,31.39,41.99,38.69,35.29,33.59,31.99,30.29,39.99,37.09,34.29,32.79,31.39,29.99,37.29,34.59,31.89,30.59,29.29,27.99,38.99,36.19,33.49,32.09,30.69,29.29,35.69,33.09,30.59,29.29,27.99,26.79,38.39,35.59,32.89,31.49,30.19,28.79,34.59,32.09,29.69,28.39,27.19,25.99,,34.29,39.49,38.59,33.59,,27.59,24.39,28.09,24.99,28.49,25.19,28.39,25.39,28.39,25.39,29.49,26.29,28.39,29.49,25.39,26.29,30.29,27.39,,,,
100 Fly LCM,2:12.79,1:55.39,1:37.99,1:32.19,1:26.39,1:20.59,2:09.49,1:52.89,1:36.19,1:30.69,1:25.09,1:19.59,1:38.29,1:30.49,1:22.59,1:18.69,1:14.79,1:10.79,1:35.09,1:27.29,1:19.49,1:15.59,1:11.69,1:07.79,1:27.19,1:20.99,1:14.79,1:11.69,1:08.59,1:05.39,1:20.29,1:14.59,1:08.89,1:05.99,1:03.09,1:00.29,1:24.29,1:18.29,1:12.29,1:09.29,1:06.29,1:03.29,1:16.79,1:11.29,1:05.79,1:03.09,1:00.29,57.59,1:23.59,1:17.69,1:11.69,1:08.69,1:05.69,1:02.69,1:14.59,1:09.29,1:03.99,1:01.29,58.69,55.99,1:11.69,1:18.69,1:32.19,1:30.69,1:15.59,1:05.99,1:00.19,53.49,1:01.39,54.69,1:02.09,55.29,1:02.69,56.49,1:02.49,55.89,1:04.69,57.99,1:02.49,1:04.69,55.89,57.99,1:06.27,1:00.36,1:07.49,1:10.29,1:04.09,1:03.09
200 Fly LCM,,,,,,,,,,,,,3:31.09,3:15.99,3:00.89,2:53.39,2:45.89,2:38.29,3:24.79,3:10.19,2:55.59,2:48.29,2:40.89,2:33.59,3:15.69,3:01.69,2:47.79,2:40.79,2:33.79,2:26.79,2:59.69,2:46.79,2:33.99,2:27.59,2:21.19,2:14.79,3:07.79,2:54.39,2:40.99,2:34.29,2:27.59,2:20.89,2:51.69,2:39.49,2:27.19,2:21.09,2:14.89,2:08.79,3:04.49,2:51.39,2:38.19,2:31.59,2:24.99,2:18.39,2:46.99,2:35.09,2:23.19,2:17.19,2:11.29,2:05.29,2:40.79,2:53.39,,,2:48.29,2:27.59,2:14.59,2:00.89,2:17.59,2:02.89,2:17.89,2:04.29,2:18.39,2:06.39,2:18.39,2:05.09,2:21.89,2:10.19,2:18.39,2:21.89,2:05.09,2:10.19,2:31.16,2:19.05,2:30.49,2:36.29,2:23.09,2:21.09
200 IM LCM,4:15.69,3:48.89,3:22.09,3:13.09,3:04.19,2:55.29,4:09.49,3:43.69,3:17.89,3:09.39,3:00.79,2:52.19,3:30.59,3:15.59,3:00.59,2:52.99,2:45.49,2:37.99,3:24.39,3:08.99,2:53.69,2:45.99,2:38.29,2:30.59,3:17.19,3:03.09,2:48.99,2:41.99,2:34.89,2:27.89,3:02.89,2:49.79,2:36.69,2:30.19,2:23.69,2:17.19,3:11.19,2:57.49,2:43.89,2:36.99,2:30.19,2:23.39,2:56.19,2:43.59,2:30.99,2:24.69,2:18.39,2:12.09,3:09.29,2:55.79,2:42.29,2:35.49,2:28.79,2:21.99,2:51.89,2:39.59,2:27.39,2:21.19,2:15.09,2:08.99,2:41.99,2:52.99,3:13.09,3:09.39,2:45.99,2:30.19,2:16.89,2:02.89,2:18.19,2:04.69,2:20.49,2:06.79,2:22.09,2:09.29,2:21.29,2:07.99,2:26.19,2:12.79,2:21.29,2:26.19,2:07.99,2:12.79,2:30.51,2:17.70,2:30.79,,,2:24.69
400 IM LCM,,,,,,,,,,,,,7:28.89,6:56.79,6:24.79,6:08.69,5:52.69,5:36.69,7:17.89,6:46.59,6:15.39,5:59.69,5:44.09,5:28.39,6:57.99,6:28.19,5:58.29,5:43.39,5:28.39,5:13.49,6:30.69,6:02.79,5:34.89,5:20.89,5:06.99,4:52.99,6:44.69,6:15.79,5:46.89,5:32.49,5:17.99,5:03.59,6:14.69,5:47.99,5:21.19,5:07.79,4:54.39,4:41.09,6:40.29,6:11.69,5:43.09,5:28.79,5:14.49,5:00.29,6:07.59,5:41.29,5:15.09,5:01.89,4:48.79,4:35.69,5:28.39,5:52.69,,,5:44.09,5:06.99,4:51.79,4:24.69,4:52.69,4:25.39,4:59.09,4:31.59,5:00.29,4:35.89,5:00.29,4:33.09,5:07.29,4:42.39,5:00.29,5:07.29,4:33.09,4:42.39,5:18.84,4:57.79,5:32.49,2:38.99,2:26.69,5:07.79
